function,num_particles,alpha1,alpha2,avg_cost,avg_iterations,avg_time_sec,avg_score,delta_to_theoretical_min
ackley,20,1.0,1.0,1316.0,65.8,0.0681,1e-06,1e-06
ackley,20,1.0,1.5,1390.0,69.5,0.055,1e-06,1e-06
ackley,20,1.0,2.0,1462.0,73.1,0.0554,1e-06,1e-06
ackley,20,1.5,1.0,1392.0,69.6,0.0495,1e-06,1e-06
ackley,20,1.5,1.5,1436.0,71.8,0.0512,1e-06,1e-06
ackley,20,1.5,2.0,1534.0,76.7,0.0546,1e-06,1e-06
ackley,20,2.0,1.0,1474.0,73.7,0.0525,1e-06,1e-06
ackley,20,2.0,1.5,1530.0,76.5,0.0631,1e-06,1e-06
ackley,20,2.0,2.0,1678.0,83.9,0.0637,1e-06,1e-06
ackley,50,1.0,1.0,3080.0,61.6,0.109,1e-06,1e-06
ackley,50,1.0,1.5,3275.0,65.5,0.1232,1e-06,1e-06
ackley,50,1.0,2.0,3475.0,69.5,0.1248,1e-06,1e-06
ackley,50,1.5,1.0,3260.0,65.2,0.1206,1e-06,1e-06
ackley,50,1.5,1.5,3350.0,67.0,0.1215,1e-06,1e-06
ackley,50,1.5,2.0,3620.0,72.4,0.134,1e-06,1e-06
ackley,50,2.0,1.0,3430.0,68.6,0.1388,1e-06,1e-06
ackley,50,2.0,1.5,3620.0,72.4,0.1332,1e-06,1e-06
ackley,50,2.0,2.0,3885.0,77.7,0.1471,1e-06,1e-06
ackley,100,1.0,1.0,5960.0,59.6,0.2652,1e-06,1e-06
ackley,100,1.0,1.5,6250.0,62.5,0.3514,1e-06,1e-06
ackley,100,1.0,2.0,6560.0,65.6,0.2724,1e-06,1e-06
ackley,100,1.5,1.0,6310.0,63.1,0.281,1e-06,1e-06
ackley,100,1.5,1.5,6710.0,67.1,0.2379,1e-06,1e-06
ackley,100,1.5,2.0,6990.0,69.9,0.249,1e-06,1e-06
ackley,100,2.0,1.0,6810.0,68.1,0.2499,1e-06,1e-06
ackley,100,2.0,1.5,6880.0,68.8,0.2742,1e-06,1e-06
ackley,100,2.0,2.0,7380.0,73.8,0.2649,1e-06,1e-06
ackley,250,1.0,1.0,14825.0,59.3,0.511,1e-06,1e-06
ackley,250,1.0,1.5,14625.0,58.5,0.5013,1e-06,1e-06
ackley,250,1.0,2.0,15825.0,63.3,0.5611,1e-06,1e-06
ackley,250,1.5,1.0,15275.0,61.1,0.5695,1e-06,1e-06
ackley,250,1.5,1.5,15625.0,62.5,0.5618,1e-06,1e-06
ackley,250,1.5,2.0,16925.0,67.7,0.7524,0.0,0.0
ackley,250,2.0,1.0,15850.0,63.4,0.5539,1e-06,1e-06
ackley,250,2.0,1.5,16975.0,67.9,0.5938,1e-06,1e-06
ackley,250,2.0,2.0,17500.0,70.0,0.6875,1e-06,1e-06
rosenbrock,20,1.0,1.0,1012.0,50.6,0.036,0.0,0.0
rosenbrock,20,1.0,1.5,1046.0,52.3,0.042,0.0,0.0
rosenbrock,20,1.0,2.0,1104.0,55.2,0.0364,0.0,0.0
rosenbrock,20,1.5,1.0,1070.0,53.5,0.0388,0.0,0.0
rosenbrock,20,1.5,1.5,1100.0,55.0,0.034,1e-06,1e-06
rosenbrock,20,1.5,2.0,1098.0,54.9,0.042,1e-06,1e-06
rosenbrock,20,2.0,1.0,1044.0,52.2,0.0359,1e-06,1e-06
rosenbrock,20,2.0,1.5,1142.0,57.1,0.0496,0.0,0.0
rosenbrock,20,2.0,2.0,1276.0,63.8,0.042,0.0,0.0
rosenbrock,50,1.0,1.0,2230.0,44.6,0.0834,0.0,0.0
rosenbrock,50,1.0,1.5,2300.0,46.0,0.0841,1e-06,1e-06
rosenbrock,50,1.0,2.0,2460.0,49.2,0.0951,0.0,0.0
rosenbrock,50,1.5,1.0,2265.0,45.3,0.0794,0.0,0.0
rosenbrock,50,1.5,1.5,2330.0,46.6,0.0831,1e-06,1e-06
rosenbrock,50,1.5,2.0,2440.0,48.8,0.0863,0.0,0.0
rosenbrock,50,2.0,1.0,2300.0,46.0,0.0855,1e-06,1e-06
rosenbrock,50,2.0,1.5,2290.0,45.8,0.0798,1e-06,1e-06
rosenbrock,50,2.0,2.0,2510.0,50.2,0.0863,0.0,0.0
rosenbrock,100,1.0,1.0,3970.0,39.7,0.132,1e-06,1e-06
rosenbrock,100,1.0,1.5,4090.0,40.9,0.1593,0.0,0.0
rosenbrock,100,1.0,2.0,4580.0,45.8,0.1666,0.0,0.0
rosenbrock,100,1.5,1.0,4260.0,42.6,0.1497,1e-06,1e-06
rosenbrock,100,1.5,1.5,4160.0,41.6,0.1476,1e-06,1e-06
rosenbrock,100,1.5,2.0,4760.0,47.6,0.1917,0.0,0.0
rosenbrock,100,2.0,1.0,4600.0,46.0,0.2029,0.0,0.0
rosenbrock,100,2.0,1.5,4890.0,48.9,0.1696,0.0,0.0
rosenbrock,100,2.0,2.0,5140.0,51.4,0.2291,0.0,0.0
rosenbrock,250,1.0,1.0,9450.0,37.8,0.37,1e-06,1e-06
rosenbrock,250,1.0,1.5,9750.0,39.0,0.4217,0.0,0.0
rosenbrock,250,1.0,2.0,9925.0,39.7,0.3892,1e-06,1e-06
rosenbrock,250,1.5,1.0,9225.0,36.9,0.4157,1e-06,1e-06
rosenbrock,250,1.5,1.5,9975.0,39.9,0.3651,0.0,0.0
rosenbrock,250,1.5,2.0,10400.0,41.6,0.3817,0.0,0.0
rosenbrock,250,2.0,1.0,10575.0,42.3,0.403,0.0,0.0
rosenbrock,250,2.0,1.5,10650.0,42.6,0.3789,0.0,0.0
rosenbrock,250,2.0,2.0,10850.0,43.4,0.3975,0.0,0.0
cross_in_tray,20,1.0,1.0,600.0,30.0,0.0163,-2.06261,0.0
cross_in_tray,20,1.0,1.5,604.0,30.2,0.0142,-2.06261,0.0
cross_in_tray,20,1.0,2.0,598.0,29.9,0.0157,-2.06261,0.0
cross_in_tray,20,1.5,1.0,646.0,32.3,0.0178,-2.062611,1e-06
cross_in_tray,20,1.5,1.5,594.0,29.7,0.0173,-2.06261,0.0
cross_in_tray,20,1.5,2.0,626.0,31.3,0.0146,-2.062611,1e-06
cross_in_tray,20,2.0,1.0,722.0,36.1,0.022,-2.06261,0.0
cross_in_tray,20,2.0,1.5,632.0,31.6,0.0168,-2.06261,0.0
cross_in_tray,20,2.0,2.0,724.0,36.2,0.0201,-2.062611,1e-06
cross_in_tray,50,1.0,1.0,1265.0,25.3,0.0341,-2.062611,1e-06
cross_in_tray,50,1.0,1.5,1125.0,22.5,0.0419,-2.062611,1e-06
cross_in_tray,50,1.0,2.0,1205.0,24.1,0.0342,-2.062611,1e-06
cross_in_tray,50,1.5,1.0,1105.0,22.1,0.0299,-2.06261,0.0
cross_in_tray,50,1.5,1.5,1350.0,27.0,0.0403,-2.062611,1e-06
cross_in_tray,50,1.5,2.0,1265.0,25.3,0.0321,-2.062611,1e-06
cross_in_tray,50,2.0,1.0,1550.0,31.0,0.0422,-2.062611,1e-06
cross_in_tray,50,2.0,1.5,1375.0,27.5,0.0378,-2.06261,0.0
cross_in_tray,50,2.0,2.0,1670.0,33.4,0.047,-2.06261,0.0
cross_in_tray,100,1.0,1.0,2150.0,21.5,0.0556,-2.062611,1e-06
cross_in_tray,100,1.0,1.5,2200.0,22.0,0.059,-2.062611,1e-06
cross_in_tray,100,1.0,2.0,2260.0,22.6,0.0563,-2.06261,0.0
cross_in_tray,100,1.5,1.0,2330.0,23.3,0.0655,-2.06261,0.0
cross_in_tray,100,1.5,1.5,2360.0,23.6,0.068,-2.06261,0.0
cross_in_tray,100,1.5,2.0,2030.0,20.3,0.0902,-2.062611,1e-06
cross_in_tray,100,2.0,1.0,2740.0,27.4,0.0853,-2.06261,0.0
cross_in_tray,100,2.0,1.5,2310.0,23.1,0.0669,-2.06261,0.0
cross_in_tray,100,2.0,2.0,2390.0,23.9,0.0685,-2.06261,0.0
cross_in_tray,250,1.0,1.0,4200.0,16.8,0.1296,-2.062611,1e-06
cross_in_tray,250,1.0,1.5,3875.0,15.5,0.1095,-2.062611,1e-06
cross_in_tray,250,1.0,2.0,3925.0,15.7,0.1165,-2.06261,0.0
cross_in_tray,250,1.5,1.0,4050.0,16.2,0.1171,-2.06261,0.0
cross_in_tray,250,1.5,1.5,3850.0,15.4,0.1186,-2.06261,0.0
cross_in_tray,250,1.5,2.0,4575.0,18.3,0.1327,-2.06261,0.0
cross_in_tray,250,2.0,1.0,5200.0,20.8,0.1703,-2.062611,1e-06
cross_in_tray,250,2.0,1.5,4425.0,17.7,0.1383,-2.062611,1e-06
cross_in_tray,250,2.0,2.0,5050.0,20.2,0.1535,-2.06261,0.0
holder_table,20,1.0,1.0,1652.0,82.6,0.0477,-12.572312,6.636188
holder_table,20,1.0,1.5,1084.0,54.2,0.0319,-17.424224,1.784276
holder_table,20,1.0,2.0,1368.0,68.4,0.0377,-15.326971,3.881529
holder_table,20,1.5,1.0,1460.0,73.0,0.0409,-14.528608,4.679892
holder_table,20,1.5,1.5,1386.0,69.3,0.0409,-15.342503,3.865997
holder_table,20,1.5,2.0,1208.0,60.4,0.0328,-17.424223,1.784277
holder_table,20,2.0,1.0,1510.0,75.5,0.0554,-14.446808,4.761692
holder_table,20,2.0,1.5,1710.0,85.5,0.0444,-12.417743,6.790757
holder_table,20,2.0,2.0,1590.0,79.5,0.0428,-13.178983,6.029517
holder_table,50,1.0,1.0,1895.0,37.9,0.0521,-19.208501,1e-06
holder_table,50,1.0,1.5,1935.0,38.7,0.051,-19.2085,0.0
holder_table,50,1.0,2.0,2630.0,52.6,0.0769,-17.424224,1.784276
holder_table,50,1.5,1.0,2455.0,49.1,0.0655,-18.394606,0.813894
holder_table,50,1.5,1.5,1965.0,39.3,0.0642,-19.2085,0.0
holder_table,50,1.5,2.0,2525.0,50.5,0.0677,-18.238118,0.970382
holder_table,50,2.0,1.0,2315.0,46.3,0.0728,-19.208501,1e-06
holder_table,50,2.0,1.5,2390.0,47.8,0.0785,-18.238119,0.970381
holder_table,50,2.0,2.0,2745.0,54.9,0.1134,-18.394606,0.813894
holder_table,100,1.0,1.0,4020.0,40.2,0.1707,-18.238118,0.970382
holder_table,100,1.0,1.5,3720.0,37.2,0.1547,-19.208501,1e-06
holder_table,100,1.0,2.0,3690.0,36.9,0.14,-19.208501,1e-06
holder_table,100,1.5,1.0,3870.0,38.7,0.1418,-19.208501,1e-06
holder_table,100,1.5,1.5,3640.0,36.4,0.107,-19.208501,1e-06
holder_table,100,1.5,2.0,4140.0,41.4,0.1272,-19.2085,0.0
holder_table,100,2.0,1.0,4210.0,42.1,0.1278,-19.208501,1e-06
holder_table,100,2.0,1.5,4210.0,42.1,0.1335,-19.2085,0.0
holder_table,100,2.0,2.0,4370.0,43.7,0.1204,-19.208501,1e-06
holder_table,250,1.0,1.0,7875.0,31.5,0.2053,-19.208501,1e-06
holder_table,250,1.0,1.5,8575.0,34.3,0.2392,-19.208501,1e-06
holder_table,250,1.0,2.0,7950.0,31.8,0.2146,-19.208501,1e-06
holder_table,250,1.5,1.0,8100.0,32.4,0.2179,-19.208501,1e-06
holder_table,250,1.5,1.5,9425.0,37.7,0.2537,-19.208501,1e-06
holder_table,250,1.5,2.0,9300.0,37.2,0.2661,-19.208501,1e-06
holder_table,250,2.0,1.0,9050.0,36.2,0.2541,-19.208501,1e-06
holder_table,250,2.0,1.5,9475.0,37.9,0.2825,-19.208501,1e-06
holder_table,250,2.0,2.0,9950.0,39.8,0.3324,-19.208501,1e-06
mccormick,20,1.0,1.0,2000.0,100.0,0.0702,-1.913223,7.7e-05
mccormick,20,1.0,1.5,2000.0,100.0,0.0623,-1.913223,7.7e-05
mccormick,20,1.0,2.0,2000.0,100.0,0.0664,-1.913223,7.7e-05
mccormick,20,1.5,1.0,2000.0,100.0,0.0583,-1.913223,7.7e-05
mccormick,20,1.5,1.5,2000.0,100.0,0.0502,-1.913223,7.7e-05
mccormick,20,1.5,2.0,2000.0,100.0,0.0571,-1.913223,7.7e-05
mccormick,20,2.0,1.0,2000.0,100.0,0.0538,-1.913223,7.7e-05
mccormick,20,2.0,1.5,2000.0,100.0,0.0529,-1.913223,7.7e-05
mccormick,20,2.0,2.0,2000.0,100.0,0.0435,-1.913223,7.7e-05
mccormick,50,1.0,1.0,5000.0,100.0,0.1098,-1.913223,7.7e-05
mccormick,50,1.0,1.5,5000.0,100.0,0.1179,-1.913223,7.7e-05
mccormick,50,1.0,2.0,5000.0,100.0,0.1203,-1.913223,7.7e-05
mccormick,50,1.5,1.0,5000.0,100.0,0.1089,-1.913223,7.7e-05
mccormick,50,1.5,1.5,5000.0,100.0,0.1194,-1.913223,7.7e-05
mccormick,50,1.5,2.0,5000.0,100.0,0.1231,-1.913223,7.7e-05
mccormick,50,2.0,1.0,5000.0,100.0,0.1201,-1.913223,7.7e-05
mccormick,50,2.0,1.5,5000.0,100.0,0.1145,-1.913223,7.7e-05
mccormick,50,2.0,2.0,5000.0,100.0,0.1264,-1.913223,7.7e-05
mccormick,100,1.0,1.0,10000.0,100.0,0.2726,-1.913223,7.7e-05
mccormick,100,1.0,1.5,10000.0,100.0,0.2184,-1.913223,7.7e-05
mccormick,100,1.0,2.0,10000.0,100.0,0.2377,-1.913223,7.7e-05
mccormick,100,1.5,1.0,10000.0,100.0,0.2206,-1.913223,7.7e-05
mccormick,100,1.5,1.5,10000.0,100.0,0.2172,-1.913223,7.7e-05
mccormick,100,1.5,2.0,10000.0,100.0,0.2165,-1.913223,7.7e-05
mccormick,100,2.0,1.0,10000.0,100.0,0.222,-1.913223,7.7e-05
mccormick,100,2.0,1.5,10000.0,100.0,0.2118,-1.913223,7.7e-05
mccormick,100,2.0,2.0,10000.0,100.0,0.2298,-1.913223,7.7e-05
mccormick,250,1.0,1.0,25000.0,100.0,0.6479,-1.913223,7.7e-05
mccormick,250,1.0,1.5,25000.0,100.0,0.5641,-1.913223,7.7e-05
mccormick,250,1.0,2.0,25000.0,100.0,0.6009,-1.913223,7.7e-05
mccormick,250,1.5,1.0,25000.0,100.0,0.5716,-1.913223,7.7e-05
mccormick,250,1.5,1.5,25000.0,100.0,0.5839,-1.913223,7.7e-05
mccormick,250,1.5,2.0,25000.0,100.0,0.5269,-1.913223,7.7e-05
mccormick,250,2.0,1.0,25000.0,100.0,0.5479,-1.913223,7.7e-05
mccormick,250,2.0,1.5,25000.0,100.0,0.5564,-1.913223,7.7e-05
mccormick,250,2.0,2.0,25000.0,100.0,0.5635,-1.913223,7.7e-05
styblinski_tang,20,1.0,1.0,554.0,27.7,0.0203,-78.332162,0.000182
styblinski_tang,20,1.0,1.5,736.0,36.8,0.0282,-76.918536,1.413444
styblinski_tang,20,1.0,2.0,714.0,35.7,0.0271,-76.918439,1.413541
styblinski_tang,20,1.5,1.0,578.0,28.9,0.0206,-78.332234,0.000254
styblinski_tang,20,1.5,1.5,686.0,34.3,0.0285,-76.918476,1.413504
styblinski_tang,20,1.5,2.0,804.0,40.2,0.0304,-76.918558,1.413422
styblinski_tang,20,2.0,1.0,770.0,38.5,0.0417,-76.918518,1.413462
styblinski_tang,20,2.0,1.5,760.0,38.0,0.0312,-76.918528,1.413452
styblinski_tang,20,2.0,2.0,836.0,41.8,0.0285,-76.918505,1.413475
styblinski_tang,50,1.0,1.0,1210.0,24.2,0.0465,-78.332186,0.000206
styblinski_tang,50,1.0,1.5,1535.0,30.7,0.0559,-76.918498,1.413482
styblinski_tang,50,1.0,2.0,1075.0,21.5,0.0396,-78.332192,0.000212
styblinski_tang,50,1.5,1.0,1290.0,25.8,0.0475,-78.33215,0.00017
styblinski_tang,50,1.5,1.5,1210.0,24.2,0.0462,-78.332166,0.000186
styblinski_tang,50,1.5,2.0,1255.0,25.1,0.0454,-78.332156,0.000176
styblinski_tang,50,2.0,1.0,1415.0,28.3,0.0519,-78.332183,0.000203
styblinski_tang,50,2.0,1.5,1395.0,27.9,0.0512,-78.332211,0.000231
styblinski_tang,50,2.0,2.0,1320.0,26.4,0.042,-78.332177,0.000197
styblinski_tang,100,1.0,1.0,1760.0,17.6,0.0579,-78.332183,0.000203
styblinski_tang,100,1.0,1.5,1800.0,18.0,0.0557,-78.332141,0.000161
styblinski_tang,100,1.0,2.0,1930.0,19.3,0.0585,-78.33208,0.0001
styblinski_tang,100,1.5,1.0,2070.0,20.7,0.0649,-78.332157,0.000177
styblinski_tang,100,1.5,1.5,2060.0,20.6,0.0716,-78.332174,0.000194
styblinski_tang,100,1.5,2.0,2010.0,20.1,0.0618,-78.332153,0.000173
styblinski_tang,100,2.0,1.0,1970.0,19.7,0.0639,-78.332213,0.000233
styblinski_tang,100,2.0,1.5,2090.0,20.9,0.0618,-78.332157,0.000177
styblinski_tang,100,2.0,2.0,2670.0,26.7,0.079,-78.332208,0.000228
styblinski_tang,250,1.0,1.0,3300.0,13.2,0.0985,-78.332143,0.000163
styblinski_tang,250,1.0,1.5,3350.0,13.4,0.1101,-78.332138,0.000158
styblinski_tang,250,1.0,2.0,3650.0,14.6,0.138,-78.332111,0.000131
styblinski_tang,250,1.5,1.0,3625.0,14.5,0.1308,-78.332167,0.000187
styblinski_tang,250,1.5,1.5,4300.0,17.2,0.1552,-78.332165,0.000185
styblinski_tang,250,1.5,2.0,4300.0,17.2,0.1732,-78.332163,0.000183
styblinski_tang,250,2.0,1.0,3700.0,14.8,0.1516,-78.33214,0.00016
styblinski_tang,250,2.0,1.5,4625.0,18.5,0.1658,-78.332164,0.000184
styblinski_tang,250,2.0,2.0,4225.0,16.9,0.1538,-78.33211,0.00013
